cut_down_to_size;Cut Down to Size;;;;;;;;;;;;;
place_in_the_sun;Place in the Sun;;;;;;;;;;;;;
acquire_state;Acquire State;;;;;;;;;;;;;
take_from_sphere;Take from Sphere;;;;;;;;;;;;;
permanent_colonial_claim;Reconquer Colony;;;;;;;;;;;;;
permanent_colonial_claim_short;Reconquer Colony;;;;;;;;;;;;;
permanent_colonial_claim_desc;Acquire a �Ystate�W that is a �Yrightful colony�W of ours according to the Great Powers Conference.;;;;;;;;;;;;;
permanent_colonial_claim_setup;Acquire $STATE$ from $RECIPIENT$.;;;;;;;;;;;;;
AGRESSION_WAR_NAME_REPARATIONS_PEU_CHL;$ORDER$War of the Pacific;;;;;;;;;;;;;
AGRESSION_WAR_NAME_REPARATIONS_BOL_CHL;$ORDER$War of the Pacific;;;;;;;;;;;;;
AGRESSION_WAR_NAME_REPARATIONS_CHL_PBC;$ORDER$War of the Confederation;;;;;;;;;;;;;
NORMAL_WAR_NAME_REPARATIONS_CHL_PBC;$ORDER$War of the Confederation;;;;;;;;;;;;;
NORMAL_WAR_NAME_REPARATIONS_FRA_MEX;$ORDER$ French Intervention in Mexico;;;;;;;;;;;;;
AGRESSION_CUT_DOWN_TO_SIZE_WAR_NAME_CHL_PBC;$ORDER$War of the Confederation;;;;;;;;;;;;;
NORMAL_CUT_DOWN_TO_SIZE_WAR_NAME_CHL_PBC;$ORDER$War of the Confederation;;;;;;;;;;;;;
NORMAL_WAR_NAME_REPARATIONS;$ORDER$$FIRST$-$SECOND$ War;;;;;;;;;;;;;
AGRESSION_WAR_NAME_REPARATIONS;$ORDER$War of $FIRST$ Aggression;;;;;;;;;;;;;
war_reparations;Reparations;;;;;;;;;;;;;
war_reparations_desc;Demand �Yreparations�W from another country.;;;;;;;;;;;;;
war_reparations_short;Demand Reparations;;;;;;;;;;;;;
war_reparations_setup;Demand �Yreparations�W from another country.;;;;;;;;;;;;;
install_ideology_make_puppet;Install an aligned Puppet;;;;;;;;;;;;;
install_ideology_make_puppet_desc;Install an �Yaligned puppet government�W in the country's capital;;;;;;;;;;;;;
install_ideology_make_puppet_short;Install an aligned puppet government in $RECIPIENT$;;;;;;;;;;;;;
install_ideology_make_puppet_setup;Install an aligned puppet government in $RECIPIENT$;;;;;;;;;;;;;
NORMAL_WAR_LIBERATE_NAME_FRA_EGY;$ORDER$French Intervention in Egypt;;;;;;;;;;;;;
NORMAL_WAR_LIBERATE_NAME_NET_EGY;$ORDER$Dutch Intervention in Egypt;;;;;;;;;;;;;
NORMAL_WAR_LIBERATE_NAME_SPA_EGY;$ORDER$Spanish Intervention in Egypt;;;;;;;;;;;;;
NORMAL_WAR_LIBERATE_NAME_AUS_EGY;$ORDER$Austrian Intervention in Egypt;;;;;;;;;;;;;
NORMAL_WAR_LIBERATE_NAME_RUS_EGY;$ORDER$Russian Intervention in Egypt;;;;;;;;;;;;;
NORMAL_WAR_LIBERATE_NAME_PRU_EGY;$ORDER$Prussian Intervention in Egypt;;;;;;;;;;;;;
NORMAL_WAR_LIBERATE_NAME_ENG_EGY;$ORDER$British Intervention in Egypt;;;;;;;;;;;;;
AGRESSION_WAR_NAME_TUR_ITA;$ORDER$Italo-Turkish War;;;;;;;;;;;;;
NORMAL_WAR_PUPPET_NAME_QNG_PGG;$ORDER$Panthay Rebellion;;;;;;;;;;;;;
NORMAL_WAR_PUPPET_NAME_QNG_UYG;$ORDER$Dungan Revolt;;;;;;;;;;;;;
NORMAL_WAR_conquest_NAME_QNG_XBI;$ORDER$Dungan Revolt;;;;;;;;;;;;;
AGRESSION_WAR_conquest_NAME_BHR_QAT;$ORDER$Qatari�Bahraini War;;;;;;;;;;;;;
NORMAL_WAR_conquest_NAME_BHR_QAT;$ORDER$Qatari�Bahraini War;;;;;;;;;;;;;
AGRESSION_WAR_conquest_NAME_RUS_CIR;$ORDER$Russo-Circassian War;;;;;;;;;;;;;
NORMAL_WAR_conquest_NAME_RUS_CIR;$ORDER$Russo-Circassian War;;;;;;;;;;;;;
AGRESSION_WAR_conquest_NAME_RUS_DAG;$ORDER$Murid War;;;;;;;;;;;;;
NORMAL_WAR_conquest_NAME_RUS_DAG;$ORDER$Murid War;;;;;;;;;;;;;
AGRESSION_WAR_conquest_NAME_ENG_PNJ;$ORDER$Anglo�Sikh War;;;;;;;;;;;;;
NORMAL_WAR_conquest_NAME_ENG_PNJ;$ORDER$Anglo�Sikh War;;;;;;;;;;;;;
NORMAL_CIVIL_WAR_NAME_ARC_ENT;$ORDER$Platine War;;;;;;;;;;;;;
AGRESSION_CIVIL_WAR_NAME_ARC_ENT;$ORDER$Platine War;;;;;;;;;;;;;
NO_ALLOWED_STATES;(There are no applicable states).;;;;;;;;;;;;;
po_reduce_prestige;Prestige is reduced by �R-$VALUE$�W.;;;;;;;;;;;;;
NORMAL_PUNITIVE_EXPEDITION_WAR_NAME;$ORDER$$FIRST$-$SECOND$ War;;;;;;;;;;;;;
AGRESSION_PUNITIVE_EXPEDITION_WAR_NAME;$ORDER$$FIRST$-$SECOND$ War;;;;;;;;;;;;;
NORMAL_PUNITIVE_EXPEDITION_WAR_NAME_ENG_QNG;$ORDER$Opium War;;;;;;;;;;;;;
war_reparations;Punitive Expedition;;;;;;;;;;;;;
war_reparations_desc;Force a �Ycountry�W to negotiate an �Yunequal treaty�W, which includes a �Ytreaty port�W if there's one available.;;;;;;;;;;;;;
war_reparations_short;Negotiate an unequal treaty;;;;;;;;;;;;;
war_reparations_setup;Force a �Ycountry�W to negotiate an �Yunequal treaty�W, which includes a �Ytreaty port�W if there's one available;;;;;;;;;;;;;
NORMAL_WAR_CONQUEST_NAME_HAI_DOM;$ORDER$Dominican War of Independence;;;;;;;;;;;;;
AGRESSION_WAR_CONQUEST_NAME_HAI_DOM;$ORDER$Dominican War of Independence;;;;;;;;;;;;;
AGRESSION_WAR_GUNBOAT_NAME;Gunboat Diplomacy;;;;;;;;;;;;;
status_quo;Status Quo;;;;;;;;;;;;;
AGRESSION_WAR_BOXER_NAME;Boxer War;;;;;;;;;;;;;
call_allies_cb;Call Allies;;;;;;;;;;;;;
call_allies_cb_desc;Call Allies into war;;;;;;;;;;;;;
AGRESSION_WAR_ALL_CORES_NAME;$ORDER$War of $FIRST$ Liberation;;;;;;;;;;;;;
NORMAL_WAR_ALL_CORES_NAME;$ORDER$War of $FIRST$ Liberation;;;;;;;;;;;;;
AGRESSION_WAR_HUMILIATE_NAME;$ORDER$$FIRST$ War to Humiliate $SECOND$;$ORDER$ guerre pour l'honneur $FIRST$-$SECOND$;$ORDER$$FIRST$-$SECOND$ Krieg der Ehre;;;;;;;;;;;
AGRESSION_WAR_PUPPET_NAME;$ORDER$War of $FIRST$ Control Over $SECOND_COUNTRY$;$ORDER$ guerre de $FIRST$ pour le contr�le de $SECOND_COUNTRY$;$ORDER$ Krieg um die Kontrolle von $FIRST$ �ber $SECOND_COUNTRY$;;;;;;;;;;;
NORMAL_CUT_DOWN_TO_SIZE_WAR_NAME;$ORDER$$FIRST$-$SECOND$ War;Guerre $ORDER$$FIRST$-$SECOND$;$ORDER$$FIRST$-$SECOND$er Krieg;Baza;Guerra $ORDER$$FIRST$-$SECOND$;Base:;Alap:;Z�kladna:;;;;;;
AGRESSION_CUT_DOWN_TO_SIZE_WAR_NAME;$ORDER$War of $FIRST$ Aggression;$ORDER$$FIRST$ guerre d'aggression;$ORDER$$FIRST$er Angriffskrieg;Wojna $ORDER$$FIRST$-$SECOND$;$ORDER$Guerra de $FIRST$ agresi�n;$ORDER$ Guerra $FIRST$-$SECOND$;$ORDER$$FIRST$-$SECOND$ h�bor?$ORDER$$FIRST$-$SECOND$ v�lka;;;;;;;
NORMAL_WAR_DISMANTLE_NAME;$ORDER$$FIRST$ War to Dismantle the $SECOND$ Empire;Grande Guerre $ORDER$$FIRST$-$SECOND$;$ORDER$$FIRST$-$SECOND$ Gr��er Krieg;Baza;Base:;Base:;Alap:;Z�kladna:;;;;;;
AGRESSION_WAR_DISMANTLE_NAME;$ORDER$ War of $FIRST$ Aggression;$ORDER$ Offensive Militaire $FIRST$;$ORDER$ $FIRST$ Angriffskrieg;Wojna $ORDER$$FIRST$-$SECOND$;Guerra $ORDER$$FIRST$-$SECOND$;$ORDER$ Guerra $FIRST$-$SECOND$;$ORDER$$FIRST$-$SECOND$ h�bor?$ORDER$$FIRST$-$SECOND$ v�lka;;;;;;;
NORMAL_WAR_AUSTRIAN_EMPIRE_NAME;$ORDER$$FIRST$-$SECOND$ War of Imperial Restoration;;;;;;;;;;;;;
AGRESSION_WAR_AUSTRIAN_EMPIRE_NAME;$ORDER$$FIRST$-$SECOND$ War of Imperial Restoration;;;;;;;;;;;;;
NORMAL_WAR_HOLY_LAND_NAME;$ORDER$$FIRST$-$SECOND$ Levantine War;;;;;;;;;;;;;
AGRESSION_WAR_HOLY_LAND_NAME;$ORDER$$FIRST$-$SECOND$ Levantine War;;;;;;;;;;;;;
NORMAL_WAR_BRITISH_RAJ_NAME;$ORDER$$SECOND$ War of the British Raj;;;;;;;;;;;;;
AGRESSION_WAR_BRITISH_RAJ_NAME;$ORDER$$SECOND$ War of the British Raj;;;;;;;;;;;;;
NORMAL_CIVIL_WAR_NAME_USA_FSA;$ORDER$American Civil War;$ORDER$ guerre de r�bellion;$ORDER$Rebellionskrieg;;;;;;;;;;;
NORMAL_CIVIL_WAR_NAME_USA_CSA_USA;$ORDER$American Civil War;$ORDER$ guerre de r�bellion;$ORDER$Rebellionskrieg;;;;;;;;;;;
NORMAL_WAR_CHINA_REUNIFICATION;$ORDER$ War of Chinese Reunification;Guerre $ORDER$$FIRST$-$SECOND$;$ORDER$$FIRST$-$SECOND$ Krieg;Baza;Base:;Base:;Alap:;Z�kladna:;;;;;;
AGRESSION_WAR_CHINA_REUNIFICATION;$ORDER$ War of Chinese Reunification;Guerre $ORDER$$FIRST$-$SECOND$;$ORDER$$FIRST$-$SECOND$ Krieg;Baza;Base:;Base:;Alap:;Z�kladna:;;;;;;
NORMAL_WAR_SAHEL_JIHAD_NAME;$ORDER$$FIRST$ Jihad;;;;;;;;;;;;;
AGRESSION_WAR_SAHEL_JIHAD_NAME;$ORDER$$FIRST$ Jihad;;;;;;;;;;;;;
NORMAL_WAR_RESTORE_ORDER_NAME_ARG_ENT;$ORDER$ Platine War;;;;;;;;;;;;;
AGRESSION_WAR_RESTORE_ORDER_NAME_ARG_ENT;$ORDER$ Platine War;;;;;;;;;;;;;
NORMAL_CIVIL_WAR_NAME_TKG_SAT;$ORDER$Boshin War;;;;;;;;;;;;;
NORMAL_CIVIL_WAR_NAME_TKG_CHO;$ORDER$Boshin War;;;;;;;;;;;;;
NORMAL_CIVIL_WAR_NAME_TKG_TOS;$ORDER$Boshin War;;;;;;;;;;;;;
NORMAL_CIVIL_WAR_NAME_TKG_KAG;$ORDER$Boshin War;;;;;;;;;;;;;
NORMAL_CIVIL_WAR_NAME_TKG_SEN;$ORDER$Boshin War;;;;;;;;;;;;;
NORMAL_CIVIL_WAR_NAME_TKG_YZW;$ORDER$Boshin War;;;;;;;;;;;;;
NORMAL_WAR_RESTORE_ORDER_NAME_ENG_TRN;$ORDER$Boer War;;;;;;;;;;;;;
NORMAL_WAR_RESTORE_ORDER_NAME_ENG_ORA;$ORDER$Boer War;;;;;;;;;;;;;
NORMAL_WAR_RESTORE_ORDER_NAME_ENG_NAL;$ORDER$Boer War;;;;;;;;;;;;;
NORMAL_WAR_PUPPET_NAME_TUR_EGY;$ORDER$Oriental Crisis;;;;;;;;;;;;;
NORMAL_WAR_TAKE_NAME_ENG_QNG;$ORDER$Opium War;;;;;;;;;;;;;
NORMAL_WAR_TAKE_CORE_NAME_SHW_GON;Zemene Mesafint;;;;;;;;;;;;;
NORMAL_WAR_RESTORE_ORDER_NAME_SHW_GON;Zemene Mesafint;;;;;;;;;;;;;
NORMAL_WAR_TAKE_CORE_NAME_SHW_TIG;Zemene Mesafint;;;;;;;;;;;;;
NORMAL_WAR_RESTORE_ORDER_NAME_SHW_TIG;Zemene Mesafint;;;;;;;;;;;;;
NORMAL_WAR_TAKE_CORE_NAME_GON_SHW;Zemene Mesafint;;;;;;;;;;;;;
NORMAL_WAR_RESTORE_ORDER_NAME_GON_SHW;Zemene Mesafint;;;;;;;;;;;;;
NORMAL_WAR_TAKE_CORE_NAME_GON_TIG;Zemene Mesafint;;;;;;;;;;;;;
NORMAL_WAR_RESTORE_ORDER_NAME_GON_TIG;Zemene Mesafint;;;;;;;;;;;;;
NORMAL_WAR_TAKE_CORE_NAME_TIG_SHW;Zemene Mesafint;;;;;;;;;;;;;
NORMAL_WAR_RESTORE_ORDER_NAME_TIG_SHW;Zemene Mesafint;;;;;;;;;;;;;
NORMAL_WAR_TAKE_CORE_NAME_TIG_GON;Zemene Mesafint;;;;;;;;;;;;;
NORMAL_WAR_RESTORE_ORDER_NAME_TIG_GON;Zemene Mesafint;;;;;;;;;;;;;
NORMAL_CUT_DOWN_TO_SIZE_WAR_NAME_RUS_TUR;$ORDER$Crimean War;;;;;;;;;;;;;
AGRESSION_CUT_DOWN_TO_SIZE_WAR_NAME_RUS_TUR;$ORDER$Crimean War;;;;;;;;;;;;;
NORMAL_WAR_FREE_ALLIED_CORE_NAME;$ORDER$$FIRST$ War of $COUNTRY_ADJ$ Restoration;;;;;;;;;;;;;
AGRESSION_WAR_FREE_ALLIED_CORE_NAME;$ORDER$$FIRST$ War of $COUNTRY_ADJ$ Restoration;;;;;;;;;;;;;
NORMAL_WAR_COLONIAL_RECONQUEST_NAME;$ORDER$$FIRST$ War of Colonial Reconquest;;;;;;;;;;;;;
AGRESSION_WAR_COLONIAL_RECONQUEST_NAME;$ORDER$$FIRST$ War of Colonial Reconquest;;;;;;;;;;;;;
NORMAL_WAR_PUPPET_NAME_TUR_ROM;$ORDER$Romanian War of Independence;;;;;;;;;;;;;
AGRESSION_WAR_PUPPET_NAME_TUR_ROM;$ORDER$Romanian War of Independence;;;;;;;;;;;;;
NORMAL_WAR_PUPPET_NAME_ENG_IRE;$ORDER$Irish War of Independence;;;;;;;;;;;;;
AGRESSION_WAR_PUPPET_NAME_ENG_IRE;$ORDER$Irish War of Independence;;;;;;;;;;;;;
NORMAL_CIVIL_WAR_NAME_NEJ_HAL;$ORDER$War of Arabian Domination;;;;;;;;;;;;;
NORMAL_CIVIL_WAR_NAME_HAL_NEJ;$ORDER$War of Arabian Domination;;;;;;;;;;;;;
NORMAL_WAR_NAME_ENG_USA;$ORDER$$FIRST$-$SECOND$ War;;;;;;;;;;;;;
NORMAL_WAR_TAKE_NAME_ENG_USA;$ORDER$$FIRST$ Conquest of $STATE$;;;;;;;;;;;;;
NORMAL_WAR_TAKE_CORE_NAME_ENG_USA;$ORDER$$FIRST$ Liberation of $STATE$;;;;;;;;;;;;;
AGRESSION_WAR_ALL_CORES_NAME_USA_MEX;$ORDER$Mexican-American War;;;;;;;;;;;;;
NORMAL_WAR_ALL_CORES_NAME_USA_MEX;$ORDER$Mexican-American War;;;;;;;;;;;;;
AGRESSION_CIVIL_WAR_NAME_QNG_TPG;$ORDER$Taiping Rebellion;;;;;;;;;;;;;
NORMAL_CIVIL_WAR_NAME_QNG_TPG;$ORDER$Taiping Rebellion;;;;;;;;;;;;;
punitive_effects;National Humiliation;Humiliation Nationale;Nationale Erniedrigung;;;;;;;;;;;
punitive_effects_desc;Our humiliation at the hands of the victors, and the punitive effects of reparations have taken its toll on our people.  We will be all but unable to wage war unless someone declares war on us first.;;;;;;;;;;;;;
no_more_war;No More War;Nous ne Voulons pas la Guerre;Wir W�nschen Nicht Krieg;;;;;;;;;;;
no_more_war_desc;Our people are tired of war. It will be difficult to get their enthusiasm for another anytime soon, so in the meantime our ability to wage war will be very limited. �YNOTE: This means you have very few CB's that you can begin a war with while this modifier lasts!�W;;;;;;;;;;;;;
end_the_war;End the War;La Guerre Doit Finir;Der Krieg Muss Beenden;;;;;;;;;;;
end_the_war_desc;Our enemy is defeated. The people call out for us to end the war, even if we don't get everything we intended.;;;;;;;;;;;;;
dismantle_cb;Dismantle Nation;Grande Guerre;Gesamtkrieg;;;;;;;;;;;
dismantle_cb_desc;Force an enemy �Ygreat power�W to dismantle their empire and pay reparations;Obliger un autre �Ypays�W ?se d�sarmer et ?nous verser des compensations;Zwischen Sie ein anderes �YLand�W zur Abr�stung und zu Reparationszahlungen an uns.;;;;;;;;;;;
dismantle_cb_short;Force $RECIPIENT$ to dismantle their empire;R�duire $RECIPIENT$;Reduzieren Sie die Gr��e von $RECIPIENT$;;;;;;;;;;;
dismantle_cb_setup;Force $RECIPIENT$ to dismantle their empire;R�duire $RECIPIENT$;Reduzieren Sie die Gr��e von $RECIPIENT$;;;;;;;;;;;
install_government;Install government;Installez la d�mocratie;Verursachen Sie Demokratie;;;;;;;;;;;
install_government_desc;Install a �Yfriendly government�W in the country's capital;Install a �Yfriendly democracy�W in the target country's capital;Install a �Yfriendly democracy�W in the target country's capital;;;;;;;;;;;
install_government_short;Install a friendly government in $RECIPIENT$;Install a friendly democracy in $RECIPIENT$;Install a friendly democracy in $RECIPIENT$;;;;;;;;;;;
install_government_setup;Install a friendly government in $RECIPIENT$;Install a friendly democracy in $RECIPIENT$;Install a friendly democracy in $RECIPIENT$;;;;;;;;;;;
great_war_liberate;Liberate;Peuple libre;Freies Volk;;;;;;;;;;;
great_war_liberate_desc;Liberate a �Ycountry�W from its oppressors;Lib�rer un �Ypays�W de ses oppresseurs;Befreien Sie ein �YLand�W von seinen Unterdr�ckern.;;;;;;;;;;;
great_war_liberate_short;$THIRD$ acquires $STATE$;$THIRD$ prend $STATE$;$THIRD$ erwirbt $STATE$;;;;;;;;;;;
great_war_liberate_setup;Hand $STATE$ back to $THIRD$ from $RECIPIENT$;Prendre $STATE$ ?$RECIPIENT$ pour le rendre ?$THIRD$;Geben Sie $STATE$ an $THIRD$ von $RECIPIENT$ zur�ck;;;;;;;;;;;
great_war_acquire_core;Acquire core;Prendre territoire cl?Kernprovinz erwerben;;;;;;;;;;;;
great_war_acquire_core_desc;Acquire an enemy �Ystate�W where we have �Ycore provinces�W;Prendre un �Y�tat�W ennemi o?nous avons des �Yprovinces principales�W;Erobern Sie einen feindlichen �YStaat�W, in dem wir �YKernprovinzen�W haben.;;;;;;;;;;;
great_war_acquire_core_short;Acquire $STATE$;Prendre $STATE$;$STATE$ erwerben;;;;;;;;;;;
great_war_acquire_core_setup;Acquire core $STATE$ from $RECIPIENT$;Prendre �tat cl?$STATE$ de $RECIPIENT$;Kern-$STATE$ von $RECIPIENT$ erwerben;;;;;;;;;;;
great_war_place_in_the_sun;Place in the sun;Une place au soleil;Ein Platz an der Sonne;;;;;;;;;;;
great_war_place_in_the_sun_desc;Acquire an enemy �Ycolonial state�W;Prendre un �Y�tat colonial�W ennemi;Erobern Sie einen feindlichen �YKolonialstaat�W.;;;;;;;;;;;
great_war_place_in_the_sun_short;Acquire $STATE$;Prendre $STATE$;$STATE$ erwerben;;;;;;;;;;;
great_war_place_in_the_sun_setup;Acquire colony $STATE$ from $RECIPIENT$;Prendre colonie $STATE$ de $RECIPIENT$;Kolonie $STATE$ von $RECIPIENT$ erwerben;;;;;;;;;;;
great_war_release_puppet;Release Puppet;Lib�rer un �tat fantoche;Marionettenstaat entlassen;;;;;;;;;;;
great_war_release_puppet_short;$THIRD$ is released;$THIRD$ est lib�r?$THIRD$ wurde entlassen;;;;;;;;;;;;
great_war_release_puppet_setup;Release $THIRD$ from $RECIPIENT$;Lib�rer $THIRD$ de $RECIPIENT$;Entlassen Sie $THIRD$ aus $RECIPIENT$;;;;;;;;;;;
great_war_release_puppet_desc;Release a �Ycountry�W from its sovereign nation;Lib�rer un �Ypays�W de sa nation souveraine;Entlassen Sie ein �YLand�W von seinem Herrenland.;;;;;;;;;;;
great_war_take_from_sphere;Take from sphere of influence;Prendre ?la sph�re d'influence;Aus Einflusssph�re entfernen;;;;;;;;;;;
great_war_take_from_sphere_desc;Remove a country from someone's �YSphere of Influence�W and add it to our own;Supprimer un pays de la �Ysph�re d'influence�W de quelqu'un et l'ajouter ?la n�tre;Entfernen Sie ein Land aus einer anderen �YEinflusssph�re�W und f�gen Sie es Ihrer eigenen hinzu.;;;;;;;;;;;
great_war_take_from_sphere_short;Take $THIRD$ from sphere of influence;Prendre $THIRD$ ?la sph�re d'influence;$THIRD$ aus Einflusssph�re entfernen;;;;;;;;;;;
great_war_take_from_sphere_setup;Take $THIRD$ from $RECIPIENT$'s sphere of influence;Prendre $THIRD$ ?la sph�re d'influence de $RECIPIENT$;$THIRD$ aus Einflusssph�re von $RECIPIENT$ entfernen;;;;;;;;;;;
add_to_sphere_AI;Add to Sphere;ajouter ?la sph�re;In Einflusssph�re aufnehmen;;;;;;;;;;;
add_to_sphere_AI_desc;Add country to our �YSphere of Influence�W;Ajouter un pays ?notre �Ysph�re d'influence�W;F�gen Sie das Land Ihrer �YEinflusssph�re�W hinzu.;;;;;;;;;;;
add_to_sphere_AI_short;Add $RECIPIENT$ to Sphere of Influence;ajouter $RECIPIENT$ ?la sph�re d'influence;$RECIPIENT$ in Einflusssph�re aufnehmen;;;;;;;;;;;
add_to_sphere_AI_setup;Add $RECIPIENT$ to Sphere of Influence;ajouter $RECIPIENT$ ?la sph�re d'influence;$RECIPIENT$ in Einflusssph�re aufnehmen;;;;;;;;;;;
unification_add_to_sphere;Unification Add to Sphere;ajouter ?la sph�re;In Einflusssph�re aufnehmen;;;;;;;;;;;
unification_add_to_sphere_desc;Add country �Yof our culture group�W to our �YSphere of Influence�W;Ajouter un pays ?notre �Ysph�re d'influence�W;F�gen Sie das Land Ihrer �YEinflusssph�re�W hinzu.;;;;;;;;;;;
unification_add_to_sphere_short;Add $RECIPIENT$ to Sphere of Influence;ajouter $RECIPIENT$ ?la sph�re d'influence;$RECIPIENT$ in Einflusssph�re aufnehmen;;;;;;;;;;;
unification_add_to_sphere_setup;Add $RECIPIENT$ to Sphere of Influence;ajouter $RECIPIENT$ ?la sph�re d'influence;$RECIPIENT$ in Einflusssph�re aufnehmen;;;;;;;;;;;
take_from_sphere_AI;Take from sphere of influence;Prendre ?la sph�re d'influence;Aus Einflusssph�re entfernen;;;;;;;;;;;
take_from_sphere_AI_desc;Remove a country from someone's �YSphere of Influence�W and add it to our own;Supprimer un pays de la �Ysph�re d'influence�W de quelqu'un et l'ajouter ?la n�tre;Entfernen Sie ein Land aus einer anderen �YEinflusssph�re�W und f�gen Sie es Ihrer eigenen hinzu.;;;;;;;;;;;
take_from_sphere_AI_short;Take $THIRD$ from sphere of influence;Prendre $THIRD$ ?la sph�re d'influence;$THIRD$ aus Einflusssph�re entfernen;;;;;;;;;;;
take_from_sphere_AI_setup;Take $THIRD$ from $RECIPIENT$'s sphere of influence;Prendre $THIRD$ ?la sph�re d'influence de $RECIPIENT$;$THIRD$ aus Einflusssph�re von $RECIPIENT$ entfernen;;;;;;;;;;;
free_peoples_AI;Free People;Peuple libre;Freies Volk;;;;;;;;;;;
free_peoples_AI_desc;Liberate a �Ycountry's�W �Rsingle state�W from its oppressors.;Lib�rer un �Ypays�W de ses oppresseurs;Befreien Sie ein �YLand�W von seinen Unterdr�ckern.;;;;;;;;;;;
free_peoples_AI_short;$THIRD$ acquires $STATE$;$THIRD$ prend $STATE$;$THIRD$ erwirbt $STATE$;;;;;;;;;;;
free_peoples_AI_setup;Hand $STATE$ back to $THIRD$ from $RECIPIENT$;Prendre $STATE$ ?$RECIPIENT$ pour le rendre ?$THIRD$;Geben Sie $STATE$ an $THIRD$ von $RECIPIENT$ zur�ck;;;;;;;;;;;
free_peoples;Free People;Peuple libre;Freies Volk;;;;;;;;;;;
free_peoples_short;$THIRD$ acquires $STATE$;$THIRD$ prend $STATE$;$THIRD$ erwirbt $STATE$;;;;;;;;;;;
free_peoples_setup;Hand $STATE$ back to $THIRD$ from $RECIPIENT$;Prendre $STATE$ ?$RECIPIENT$ pour le rendre ?$THIRD$;Geben Sie $STATE$ an $THIRD$ von $RECIPIENT$ zur�ck;;;;;;;;;;;
free_allied_cores;Free Allied Cores;Peuple libre;Freies Volk;;;;;;;;;;;
free_allied_cores_desc;Liberate cores belonging to an �Yallied country�W in your sphere;Lib�rer un �Ypays�W de ses oppresseurs;Befreien Sie ein �YLand�W von seinen Unterdr�ckern.;;;;;;;;;;;
free_allied_cores_short;$THIRD$ acquires $STATE$;$THIRD$ prend $STATE$;$THIRD$ erwirbt $STATE$;;;;;;;;;;;
free_allied_cores_setup;Hand $STATE$ back to $THIRD$ from $RECIPIENT$;Prendre $STATE$ ?$RECIPIENT$ pour le rendre ?$THIRD$;Geben Sie $STATE$ an $THIRD$ von $RECIPIENT$ zur�ck;;;;;;;;;;;
unification_humiliate;Assert Hegemony;Imposer l'h�g�monie;Vorherrschaft durchsetzen;;;;;;;;;;;
unification_humiliate_desc;Remove a country from someone's �YSphere of Influence�W and add it to our own;Supprimer un pays de la �Ysph�re d'influence�W de quelqu'un et l'ajouter ?la n�tre;Entfernen Sie ein Land aus einer anderen �YEinflusssph�re�W und f�gen Sie es Ihrer eigenen hinzu.;;;;;;;;;;;
unification_humiliate_setup;Take $THIRD$ from $RECIPIENT$'s sphere of influence;Prendre $THIRD$ ?la sph�re d'influence de $RECIPIENT$;$THIRD$ aus Einflusssph�re von $RECIPIENT$ entfernen;;;;;;;;;;;
unification_humiliate_short;Take $THIRD$ from sphere of influence;Prendre $THIRD$ ?la sph�re d'influence;$THIRD$ aus Einflusssph�re entfernen;;;;;;;;;;;
annex_africa;Scramble for Africa - Demand State;;;;;;;;;;;;;
annex_africa_desc;Force an �Yuncivilized country�W to secede territory according to rules set at the Conference of Great Powers;;;;;;;;;;;;;
annex_africa_setup;Demand that $RECIPIENT$ secede territory according to rules set at the Conference of Great Powers;;;;;;;;;;;;;
annex_africa_short;Demand $STATE$;;;;;;;;;;;;;
annex_africa_full;Scramble for Africa - Annex;;;;;;;;;;;;;
annex_africa_full_desc;Force an �Yuncivilized country�W to become a protectorate according to rules set at the Conference of Great Powers;;;;;;;;;;;;;
annex_africa_full_setup;Annex $RECIPIENT$ according to rules set at the Conference of Great Powers;;;;;;;;;;;;;
annex_africa_full_short;Annex $RECIPIENT$;;;;;;;;;;;;;
china_acquire_state;Chinese Reunification;Prendre �tat;$STATE$ erwerben;;;;;;;;;;;
china_acquire_state_short;Acquire $STATE$;Prendre $STATE$;$STATE$ erwerben;;;;;;;;;;;
china_acquire_state_setup;Acquire $STATE$ from $RECIPIENT$;Prendre $STATE$ de $RECIPIENT$;$STATE$ von $RECIPIENT$ erwerben;;;;;;;;;;;
china_acquire_state_desc;Acquire a Chinese �Ystate�W;Prendre un �Y�tat�W ennemi;Erobern Sie einen feindlichen �YStaat�W.;;;;;;;;;;;
colonial_reconquest_cb;Colonial Reconquest;;;;;;;;;;;;;
colonial_reconquest_cb_desc;Force the �Yrebellious colony�W back into the fold;;;;;;;;;;;;;
colonial_reconquest_cb_setup;Annex $RECIPIENT$, our rebellious colony;;;;;;;;;;;;;
colonial_reconquest_cb_short;Annex $RECIPIENT$;;;;;;;;;;;;;
acquire_any_state;Acquire State;Prendre territoire cl?Kernprovinz erwerben;;;;;;;;;;;;
acquire_any_state_desc;Acquire an enemy �Ystate�W;Prendre un �Y�tat�W ennemi o?nous avons des �Yprovinces principales�W;Erobern Sie einen feindlichen �YStaat�W, in dem wir �YKernprovinzen�W haben.;;;;;;;;;;;
acquire_any_state_short;Acquire $STATE$;Prendre $STATE$;$STATE$ erwerben;;;;;;;;;;;
acquire_any_state_setup;Acquire $STATE$ from $RECIPIENT$;Prendre �tat cl?$STATE$ de $RECIPIENT$;Kern-$STATE$ von $RECIPIENT$ erwerben;;;;;;;;;;;
conquest;Conquest;;;;;;;;;;;;;
conquest_desc;Conquer an �Yenemy country�W;;;;;;;;;;;;;
conquest_setup;Annex $RECIPIENT$;;;;;;;;;;;;;
conquest_short;Annex $RECIPIENT$;;;;;;;;;;;;;
sahel_jihad_cb;Sahel Jihad;Prendre territoire cl?Kernprovinz erwerben;;;;;;;;;;;;
sahel_jihad_cb_desc;Acquire an infidel �Ystate�W;Prendre un �Y�tat�W ennemi o?nous avons des �Yprovinces principales�W;Erobern Sie einen feindlichen �YStaat�W, in dem wir �YKernprovinzen�W haben.;;;;;;;;;;;
sahel_jihad_cb_short;Acquire $STATE$;Prendre $STATE$;$STATE$ erwerben;;;;;;;;;;;
sahel_jihad_cb_setup;Acquire $STATE$ from $RECIPIENT$;Prendre �tat cl?$STATE$ de $RECIPIENT$;Kern-$STATE$ von $RECIPIENT$ erwerben;;;;;;;;;;;
acquire_all_cores;Acquire All Cores;;;;;;;;;;;;;
acquire_all_cores_short;Acquire all cores from $RECIPIENT$;;;;;;;;;;;;;
acquire_all_cores_setup;Acquire all core provinces from $RECIPIENT$;;;;;;;;;;;;;
acquire_all_cores_desc;Acquire all enemy �Ystates�W where we have �Ycore provinces�W;;;;;;;;;;;;;
AGRESSION_WAR_ALL_CORES_NAME_USA_ENG;$ORDER$British-American War;;;;;;;;;;;;;
NORMAL_WAR_ALL_CORES_NAME_USA_ENG;$ORDER$British-American War;;;;;;;;;;;;;
AGRESSION_WAR_ALL_CORES_NAME_ENG_USA;$ORDER$British-American War;;;;;;;;;;;;;
NORMAL_WAR_ALL_CORES_NAME_ENG_USA;$ORDER$British-American War;;;;;;;;;;;;;
